Value1;Value2
237890;0.00212
123098;0.00032
228900;0.07651
94521;0.01234
